feature,importance
MMSE,1.0351038
eTIV,0.42203006
Age_nWBV,0.40208256
SES,0.35578725
nWBV,0.3492658
Age,0.3219027
M/F,0.31147352
EDUC,0.22703625
Brain_Ratio,0.21845199
nWBV_diff,0.179951
MR Delay,0.16601437
MMSE_diff,0.11878112
ASF,0.038347784
Visit,0.03768287
